,Main Title Tier,Secondary Title Tier,Main Analysis
Core–mantle boundary,-0.047786765633064325,,
Aaru Arbang,-0.015219730849382548,,
Football in Benin,0.017140977169412253,,
Solar cell,-0.4361781780990046,,
Marghoob Banihali,0.0180957794713003,,
Dhaligaon,0.00639313630103554,,
Cucumis variabilis,0.1263209445264206,,
Equiano (crater),-0.0012409995031881927,,
Phyllocnistis embeliella,-0.000193647318115209,,
En el nombre del hijo,-0.05336672610163666,,
