,Main Title Tier,Secondary Title Tier,Main Analysis
List of IBM products,,,0.9803533567455449
Amdahl Corporation,,,0.9807540250372252
Midrange computer,,,0.9889069093615527
Linux on IBM Z,,,0.9666829329751997
IBM Secure Service Container,,,0.990335318474224
History of IBM magnetic disk drives,,,0.41411401197274905
History of hard disk drives,,,0.6931554199007047
OS/360 and successors,,,0.8798681690477965
Category:IBM products,,,0.9399205022870848
Magnuson Computer Systems,,,0.9704461538125206
IBM System/390,,,0.9884603281955574
Trilogy Systems,,,0.9693663000191078
Amdahl UTS,,,0.9786400426520905
