,Main Title Tier,Secondary Title Tier,Main Analysis
Core–mantle boundary,,,0.8960528934519468
Aaru Arbang,,,0.5049939584698401
Football in Benin,,,0.9046647247257897
Solar cell,,,0.8279749432340531
Marghoob Banihali,,,0.7792078751324854
Dhaligaon,,,0.9096879500106242
Cucumis variabilis,,,0.7616915858476104
Equiano (crater),,,0.7176857810001217
Phyllocnistis embeliella,,,0.9125995255423162
En el nombre del hijo,,,0.902018082982609
