,Main Title Tier,Secondary Title Tier,Main Analysis
List of IBM products,,,0.9846980392290878
Amdahl Corporation,,,0.9818049103930285
Midrange computer,,,0.9901205615006904
Linux on IBM Z,,,0.9615801464625088
IBM Secure Service Container,,,0.9908369409111075
Betül,,,0.9023009660780754
Guyot Glacier,,,0.9221109492353441
Barnaby Fitzpatrick,,,0.8941781043609435
Louise Stanton,,,0.896960971054628
Fitsum Arega,,,0.7631872117521796
