,Main Title Tier,Secondary Title Tier,Main Analysis
Limnopus,,,0.8195024352690866
2015 Ethiopian general election,,,0.9290732263700396
Richard Millington,,,0.8661585669429108
Rattle That Lock,,,0.8914513234613496
Liu Yuan (musician),,,0.8950728665173514
Rhône's 6th constituency,,,0.18002196773121867
Philippe Arlaud,,,0.8969143691950502
Williams da Silva Soares,,,0.9007885231455348
Danuta Wałęsa,,,0.8315962989979394
Koala emblems and popular culture,,,0.9833795316465374
