,Main Title Tier,Secondary Title Tier,Main Analysis
List of IBM products,,,0.9544351221209243
Amdahl Corporation,,,0.9766910996650779
Midrange computer,,,0.9818064812721052
Linux on IBM Z,,,0.9621820885473846
IBM Secure Service Container,,,0.9849784654435236
T. James Jones,,,0.8587128877796448
1921 in art,,,0.8547752785073245
Ratnapura Divisional Secretariat,,,0.17280630049208492
Faraz Kamalvand,,,0.8884715457448015
No Way Jose,,,0.8989154861431015
