,Main Title Tier,Secondary Title Tier,Main Analysis
List of IBM products,,,0.9764168490956324
Amdahl Corporation,,,0.9741566747353577
Midrange computer,,,0.9818421838839606
Linux on IBM Z,,,0.9592380425158122
IBM Secure Service Container,,,0.9927897032977971
History of IBM magnetic disk drives,,,0.44806309806630124
History of hard disk drives,,,0.7271447552765976
OS/360 and successors,,,0.8873817995161708
Category:IBM products,,,0.9907647295685899
Magnuson Computer Systems,,,0.9564011538641769
IBM System/390,,,0.9857331380996777
Trilogy Systems,,,0.9791150793554505
Amdahl UTS,,,0.9833545937926417
